feature_a,feature_b,audit_year,spearman_rho,abs_spearman_rho,p_value
hba1c,blood_pressure,2018_19,0.75,0.75,0.0
hba1c,blood_pressure,2019_20,0.706,0.706,0.0
hba1c,blood_pressure,2020_21,0.898,0.898,0.0
hba1c,blood_pressure,2021_22,0.941,0.941,0.0
hba1c,cholesterol,2018_19,0.541,0.541,0.0
hba1c,cholesterol,2019_20,0.561,0.561,0.0
hba1c,cholesterol,2020_21,0.829,0.829,0.0
hba1c,cholesterol,2021_22,0.776,0.776,0.0
hba1c,serum_creatinine,2018_19,0.609,0.609,0.0
hba1c,serum_creatinine,2019_20,0.886,0.886,0.0
hba1c,serum_creatinine,2020_21,0.955,0.955,0.0
hba1c,serum_creatinine,2021_22,0.955,0.955,0.0
hba1c,urine_albumin,2018_19,-0.129,0.129,0.415
hba1c,urine_albumin,2019_20,0.093,0.093,0.559
hba1c,urine_albumin,2020_21,0.458,0.458,0.002
hba1c,urine_albumin,2021_22,0.349,0.349,0.023
hba1c,foot_surveillance,2018_19,0.159,0.159,0.315
hba1c,foot_surveillance,2019_20,0.248,0.248,0.113
hba1c,foot_surveillance,2020_21,0.469,0.469,0.002
hba1c,foot_surveillance,2021_22,0.512,0.512,0.001
hba1c,bmi,2018_19,0.49,0.49,0.001
hba1c,bmi,2019_20,0.551,0.551,0.0
hba1c,bmi,2020_21,0.677,0.677,0.0
hba1c,bmi,2021_22,0.633,0.633,0.0
hba1c,smoking,2018_19,0.073,0.073,0.644
hba1c,smoking,2019_20,0.112,0.112,0.48
hba1c,smoking,2020_21,0.204,0.204,0.195
hba1c,smoking,2021_22,0.36,0.36,0.019
hba1c,all_eight_care_processes,2018_19,-0.138,0.138,0.382
hba1c,all_eight_care_processes,2019_20,0.228,0.228,0.146
hba1c,all_eight_care_processes,2020_21,0.399,0.399,0.009
hba1c,all_eight_care_processes,2021_22,0.326,0.326,0.035
hba1c,hba1c_le_48_mmol_mol_6_5pct,2018_19,0.115,0.115,0.467
hba1c,hba1c_le_48_mmol_mol_6_5pct,2019_20,-0.114,0.114,0.473
hba1c,hba1c_le_48_mmol_mol_6_5pct,2020_21,-0.482,0.482,0.001
hba1c,hba1c_le_48_mmol_mol_6_5pct,2021_22,-0.226,0.226,0.15
hba1c,hba1c_le_53_mmol_mol_7_0pct,2018_19,0.064,0.064,0.688
hba1c,hba1c_le_53_mmol_mol_7_0pct,2019_20,-0.142,0.142,0.37
hba1c,hba1c_le_53_mmol_mol_7_0pct,2020_21,-0.453,0.453,0.003
hba1c,hba1c_le_53_mmol_mol_7_0pct,2021_22,-0.202,0.202,0.199
hba1c,hba1c_le_58_mmol_mol_7_5pct,2018_19,0.002,0.002,0.992
hba1c,hba1c_le_58_mmol_mol_7_5pct,2019_20,-0.202,0.202,0.198
hba1c,hba1c_le_58_mmol_mol_7_5pct,2020_21,-0.4,0.4,0.009
hba1c,hba1c_le_58_mmol_mol_7_5pct,2021_22,-0.144,0.144,0.363
hba1c,hba1c_le_75_mmol_mol_9_0pct,2018_19,0.125,0.125,0.43
hba1c,hba1c_le_75_mmol_mol_9_0pct,2019_20,0.002,0.002,0.992
hba1c,hba1c_le_75_mmol_mol_9_0pct,2020_21,-0.131,0.131,0.408
hba1c,hba1c_le_75_mmol_mol_9_0pct,2021_22,0.08,0.08,0.613
hba1c,hba1c_le_86_mmol_mol_10_0pct,2018_19,0.221,0.221,0.16
hba1c,hba1c_le_86_mmol_mol_10_0pct,2019_20,0.107,0.107,0.501
hba1c,hba1c_le_86_mmol_mol_10_0pct,2020_21,-0.013,0.013,0.936
hba1c,hba1c_le_86_mmol_mol_10_0pct,2021_22,0.178,0.178,0.261
hba1c,blood_pressure_le_140_80,2018_19,0.066,0.066,0.68
hba1c,blood_pressure_le_140_80,2019_20,0.01,0.01,0.95
hba1c,blood_pressure_le_140_80,2020_21,-0.273,0.273,0.08
hba1c,blood_pressure_le_140_80,2021_22,0.042,0.042,0.793
hba1c,primary_prevention_on_statins_without_cvd_history,2018_19,0.126,0.126,0.427
hba1c,primary_prevention_on_statins_without_cvd_history,2019_20,0.024,0.024,0.881
hba1c,primary_prevention_on_statins_without_cvd_history,2020_21,-0.008,0.008,0.96
hba1c,primary_prevention_on_statins_without_cvd_history,2021_22,-0.027,0.027,0.863
hba1c,secondary_prevention_on_statins_with_cvd_history,2018_19,-0.23,0.23,0.143
hba1c,secondary_prevention_on_statins_with_cvd_history,2019_20,-0.368,0.368,0.016
hba1c,secondary_prevention_on_statins_with_cvd_history,2020_21,-0.277,0.277,0.076
hba1c,secondary_prevention_on_statins_with_cvd_history,2021_22,-0.249,0.249,0.112
hba1c,combined_prevention_on_statins,2018_19,0.141,0.141,0.375
hba1c,combined_prevention_on_statins,2019_20,0.025,0.025,0.877
hba1c,combined_prevention_on_statins,2020_21,-0.049,0.049,0.756
hba1c,combined_prevention_on_statins,2021_22,-0.007,0.007,0.966
hba1c,all_three_treatment_targets,2018_19,-0.051,0.051,0.75
hba1c,all_three_treatment_targets,2019_20,-0.224,0.224,0.154
hba1c,all_three_treatment_targets,2020_21,-0.415,0.415,0.006
hba1c,all_three_treatment_targets,2021_22,-0.159,0.159,0.316
blood_pressure,cholesterol,2018_19,0.669,0.669,0.0
blood_pressure,cholesterol,2019_20,0.647,0.647,0.0
blood_pressure,cholesterol,2020_21,0.77,0.77,0.0
blood_pressure,cholesterol,2021_22,0.716,0.716,0.0
blood_pressure,serum_creatinine,2018_19,0.482,0.482,0.001
blood_pressure,serum_creatinine,2019_20,0.618,0.618,0.0
blood_pressure,serum_creatinine,2020_21,0.879,0.879,0.0
blood_pressure,serum_creatinine,2021_22,0.915,0.915,0.0
blood_pressure,urine_albumin,2018_19,-0.012,0.012,0.942
blood_pressure,urine_albumin,2019_20,0.191,0.191,0.224
blood_pressure,urine_albumin,2020_21,0.588,0.588,0.0
blood_pressure,urine_albumin,2021_22,0.477,0.477,0.001
blood_pressure,foot_surveillance,2018_19,0.455,0.455,0.002
blood_pressure,foot_surveillance,2019_20,0.615,0.615,0.0
blood_pressure,foot_surveillance,2020_21,0.643,0.643,0.0
blood_pressure,foot_surveillance,2021_22,0.619,0.619,0.0
blood_pressure,bmi,2018_19,0.653,0.653,0.0
blood_pressure,bmi,2019_20,0.695,0.695,0.0
blood_pressure,bmi,2020_21,0.817,0.817,0.0
blood_pressure,bmi,2021_22,0.764,0.764,0.0
blood_pressure,smoking,2018_19,0.369,0.369,0.016
blood_pressure,smoking,2019_20,0.448,0.448,0.003
blood_pressure,smoking,2020_21,0.349,0.349,0.023
blood_pressure,smoking,2021_22,0.396,0.396,0.009
blood_pressure,all_eight_care_processes,2018_19,0.015,0.015,0.924
blood_pressure,all_eight_care_processes,2019_20,0.296,0.296,0.057
blood_pressure,all_eight_care_processes,2020_21,0.582,0.582,0.0
blood_pressure,all_eight_care_processes,2021_22,0.479,0.479,0.001
blood_pressure,hba1c_le_48_mmol_mol_6_5pct,2018_19,0.05,0.05,0.754
blood_pressure,hba1c_le_48_mmol_mol_6_5pct,2019_20,-0.068,0.068,0.668
blood_pressure,hba1c_le_48_mmol_mol_6_5pct,2020_21,-0.531,0.531,0.0
blood_pressure,hba1c_le_48_mmol_mol_6_5pct,2021_22,-0.249,0.249,0.112
blood_pressure,hba1c_le_53_mmol_mol_7_0pct,2018_19,-0.03,0.03,0.852
blood_pressure,hba1c_le_53_mmol_mol_7_0pct,2019_20,-0.114,0.114,0.473
blood_pressure,hba1c_le_53_mmol_mol_7_0pct,2020_21,-0.496,0.496,0.001
blood_pressure,hba1c_le_53_mmol_mol_7_0pct,2021_22,-0.233,0.233,0.137
blood_pressure,hba1c_le_58_mmol_mol_7_5pct,2018_19,-0.049,0.049,0.756
blood_pressure,hba1c_le_58_mmol_mol_7_5pct,2019_20,-0.092,0.092,0.563
blood_pressure,hba1c_le_58_mmol_mol_7_5pct,2020_21,-0.459,0.459,0.002
blood_pressure,hba1c_le_58_mmol_mol_7_5pct,2021_22,-0.185,0.185,0.24
blood_pressure,hba1c_le_75_mmol_mol_9_0pct,2018_19,-0.006,0.006,0.97
blood_pressure,hba1c_le_75_mmol_mol_9_0pct,2019_20,-0.003,0.003,0.987
blood_pressure,hba1c_le_75_mmol_mol_9_0pct,2020_21,-0.21,0.21,0.182
blood_pressure,hba1c_le_75_mmol_mol_9_0pct,2021_22,0.036,0.036,0.821
blood_pressure,hba1c_le_86_mmol_mol_10_0pct,2018_19,0.027,0.027,0.863
blood_pressure,hba1c_le_86_mmol_mol_10_0pct,2019_20,0.046,0.046,0.773
blood_pressure,hba1c_le_86_mmol_mol_10_0pct,2020_21,-0.119,0.119,0.454
blood_pressure,hba1c_le_86_mmol_mol_10_0pct,2021_22,0.156,0.156,0.325
blood_pressure,blood_pressure_le_140_80,2018_19,0.37,0.37,0.016
blood_pressure,blood_pressure_le_140_80,2019_20,0.269,0.269,0.085
blood_pressure,blood_pressure_le_140_80,2020_21,-0.242,0.242,0.122
blood_pressure,blood_pressure_le_140_80,2021_22,0.023,0.023,0.885
blood_pressure,primary_prevention_on_statins_without_cvd_history,2018_19,0.407,0.407,0.007
blood_pressure,primary_prevention_on_statins_without_cvd_history,2019_20,0.369,0.369,0.016
blood_pressure,primary_prevention_on_statins_without_cvd_history,2020_21,0.094,0.094,0.556
blood_pressure,primary_prevention_on_statins_without_cvd_history,2021_22,-0.022,0.022,0.888
blood_pressure,secondary_prevention_on_statins_with_cvd_history,2018_19,0.084,0.084,0.596
blood_pressure,secondary_prevention_on_statins_with_cvd_history,2019_20,0.085,0.085,0.59
blood_pressure,secondary_prevention_on_statins_with_cvd_history,2020_21,-0.181,0.181,0.251
blood_pressure,secondary_prevention_on_statins_with_cvd_history,2021_22,-0.282,0.282,0.071
blood_pressure,combined_prevention_on_statins,2018_19,0.429,0.429,0.005
blood_pressure,combined_prevention_on_statins,2019_20,0.399,0.399,0.009
blood_pressure,combined_prevention_on_statins,2020_21,0.056,0.056,0.723
blood_pressure,combined_prevention_on_statins,2021_22,-0.005,0.005,0.974
blood_pressure,all_three_treatment_targets,2018_19,0.119,0.119,0.452
blood_pressure,all_three_treatment_targets,2019_20,0.014,0.014,0.931
blood_pressure,all_three_treatment_targets,2020_21,-0.44,0.44,0.004
blood_pressure,all_three_treatment_targets,2021_22,-0.18,0.18,0.254
cholesterol,serum_creatinine,2018_19,0.483,0.483,0.001
cholesterol,serum_creatinine,2019_20,0.479,0.479,0.001
cholesterol,serum_creatinine,2020_21,0.813,0.813,0.0
cholesterol,serum_creatinine,2021_22,0.739,0.739,0.0
cholesterol,urine_albumin,2018_19,0.266,0.266,0.088
cholesterol,urine_albumin,2019_20,0.166,0.166,0.293
cholesterol,urine_albumin,2020_21,0.48,0.48,0.001
cholesterol,urine_albumin,2021_22,0.224,0.224,0.154
cholesterol,foot_surveillance,2018_19,0.515,0.515,0.0
cholesterol,foot_surveillance,2019_20,0.399,0.399,0.009
cholesterol,foot_surveillance,2020_21,0.607,0.607,0.0
cholesterol,foot_surveillance,2021_22,0.53,0.53,0.0
cholesterol,bmi,2018_19,0.394,0.394,0.01
cholesterol,bmi,2019_20,0.391,0.391,0.01
cholesterol,bmi,2020_21,0.609,0.609,0.0
cholesterol,bmi,2021_22,0.573,0.573,0.0
cholesterol,smoking,2018_19,0.63,0.63,0.0
cholesterol,smoking,2019_20,0.518,0.518,0.0
cholesterol,smoking,2020_21,0.499,0.499,0.001
cholesterol,smoking,2021_22,0.633,0.633,0.0
cholesterol,all_eight_care_processes,2018_19,0.275,0.275,0.078
cholesterol,all_eight_care_processes,2019_20,0.276,0.276,0.077
cholesterol,all_eight_care_processes,2020_21,0.514,0.514,0.0
cholesterol,all_eight_care_processes,2021_22,0.362,0.362,0.018
cholesterol,hba1c_le_48_mmol_mol_6_5pct,2018_19,0.248,0.248,0.113
cholesterol,hba1c_le_48_mmol_mol_6_5pct,2019_20,0.047,0.047,0.769
cholesterol,hba1c_le_48_mmol_mol_6_5pct,2020_21,-0.266,0.266,0.089
cholesterol,hba1c_le_48_mmol_mol_6_5pct,2021_22,0.017,0.017,0.915
cholesterol,hba1c_le_53_mmol_mol_7_0pct,2018_19,0.284,0.284,0.068
cholesterol,hba1c_le_53_mmol_mol_7_0pct,2019_20,0.085,0.085,0.593
cholesterol,hba1c_le_53_mmol_mol_7_0pct,2020_21,-0.279,0.279,0.073
cholesterol,hba1c_le_53_mmol_mol_7_0pct,2021_22,0.025,0.025,0.876
cholesterol,hba1c_le_58_mmol_mol_7_5pct,2018_19,0.304,0.304,0.05
cholesterol,hba1c_le_58_mmol_mol_7_5pct,2019_20,0.121,0.121,0.444
cholesterol,hba1c_le_58_mmol_mol_7_5pct,2020_21,-0.247,0.247,0.115
cholesterol,hba1c_le_58_mmol_mol_7_5pct,2021_22,0.099,0.099,0.531
cholesterol,hba1c_le_75_mmol_mol_9_0pct,2018_19,0.268,0.268,0.086
cholesterol,hba1c_le_75_mmol_mol_9_0pct,2019_20,0.084,0.084,0.597
cholesterol,hba1c_le_75_mmol_mol_9_0pct,2020_21,-0.07,0.07,0.66
cholesterol,hba1c_le_75_mmol_mol_9_0pct,2021_22,0.174,0.174,0.271
cholesterol,hba1c_le_86_mmol_mol_10_0pct,2018_19,0.19,0.19,0.229
cholesterol,hba1c_le_86_mmol_mol_10_0pct,2019_20,0.074,0.074,0.643
cholesterol,hba1c_le_86_mmol_mol_10_0pct,2020_21,0.001,0.001,0.993
cholesterol,hba1c_le_86_mmol_mol_10_0pct,2021_22,0.185,0.185,0.24
cholesterol,blood_pressure_le_140_80,2018_19,0.612,0.612,0.0
cholesterol,blood_pressure_le_140_80,2019_20,0.434,0.434,0.004
cholesterol,blood_pressure_le_140_80,2020_21,-0.152,0.152,0.337
cholesterol,blood_pressure_le_140_80,2021_22,0.192,0.192,0.223
cholesterol,primary_prevention_on_statins_without_cvd_history,2018_19,0.369,0.369,0.016
cholesterol,primary_prevention_on_statins_without_cvd_history,2019_20,0.327,0.327,0.035
cholesterol,primary_prevention_on_statins_without_cvd_history,2020_21,0.191,0.191,0.226
cholesterol,primary_prevention_on_statins_without_cvd_history,2021_22,0.224,0.224,0.153
cholesterol,secondary_prevention_on_statins_with_cvd_history,2018_19,0.34,0.34,0.028
cholesterol,secondary_prevention_on_statins_with_cvd_history,2019_20,0.191,0.191,0.227
cholesterol,secondary_prevention_on_statins_with_cvd_history,2020_21,0.074,0.074,0.641
cholesterol,secondary_prevention_on_statins_with_cvd_history,2021_22,0.187,0.187,0.236
cholesterol,combined_prevention_on_statins,2018_19,0.406,0.406,0.008
cholesterol,combined_prevention_on_statins,2019_20,0.363,0.363,0.018
cholesterol,combined_prevention_on_statins,2020_21,0.141,0.141,0.372
cholesterol,combined_prevention_on_statins,2021_22,0.268,0.268,0.086
cholesterol,all_three_treatment_targets,2018_19,0.5,0.5,0.001
cholesterol,all_three_treatment_targets,2019_20,0.241,0.241,0.124
cholesterol,all_three_treatment_targets,2020_21,-0.185,0.185,0.242
cholesterol,all_three_treatment_targets,2021_22,0.148,0.148,0.349
serum_creatinine,urine_albumin,2018_19,0.337,0.337,0.029
serum_creatinine,urine_albumin,2019_20,0.064,0.064,0.688
serum_creatinine,urine_albumin,2020_21,0.442,0.442,0.003
serum_creatinine,urine_albumin,2021_22,0.317,0.317,0.041
serum_creatinine,foot_surveillance,2018_19,-0.091,0.091,0.564
serum_creatinine,foot_surveillance,2019_20,0.192,0.192,0.222
serum_creatinine,foot_surveillance,2020_21,0.444,0.444,0.003
serum_creatinine,foot_surveillance,2021_22,0.419,0.419,0.006
serum_creatinine,bmi,2018_19,0.39,0.39,0.011
serum_creatinine,bmi,2019_20,0.611,0.611,0.0
serum_creatinine,bmi,2020_21,0.698,0.698,0.0
serum_creatinine,bmi,2021_22,0.62,0.62,0.0
serum_creatinine,smoking,2018_19,0.074,0.074,0.641
serum_creatinine,smoking,2019_20,0.066,0.066,0.679
serum_creatinine,smoking,2020_21,0.163,0.163,0.301
serum_creatinine,smoking,2021_22,0.233,0.233,0.137
serum_creatinine,all_eight_care_processes,2018_19,0.331,0.331,0.032
serum_creatinine,all_eight_care_processes,2019_20,0.35,0.35,0.023
serum_creatinine,all_eight_care_processes,2020_21,0.42,0.42,0.006
serum_creatinine,all_eight_care_processes,2021_22,0.305,0.305,0.049
serum_creatinine,hba1c_le_48_mmol_mol_6_5pct,2018_19,0.169,0.169,0.286
serum_creatinine,hba1c_le_48_mmol_mol_6_5pct,2019_20,-0.223,0.223,0.156
serum_creatinine,hba1c_le_48_mmol_mol_6_5pct,2020_21,-0.485,0.485,0.001
serum_creatinine,hba1c_le_48_mmol_mol_6_5pct,2021_22,-0.239,0.239,0.127
serum_creatinine,hba1c_le_53_mmol_mol_7_0pct,2018_19,0.157,0.157,0.32
serum_creatinine,hba1c_le_53_mmol_mol_7_0pct,2019_20,-0.208,0.208,0.186
serum_creatinine,hba1c_le_53_mmol_mol_7_0pct,2020_21,-0.446,0.446,0.003
serum_creatinine,hba1c_le_53_mmol_mol_7_0pct,2021_22,-0.225,0.225,0.152
serum_creatinine,hba1c_le_58_mmol_mol_7_5pct,2018_19,0.122,0.122,0.44
serum_creatinine,hba1c_le_58_mmol_mol_7_5pct,2019_20,-0.239,0.239,0.128
serum_creatinine,hba1c_le_58_mmol_mol_7_5pct,2020_21,-0.402,0.402,0.008
serum_creatinine,hba1c_le_58_mmol_mol_7_5pct,2021_22,-0.179,0.179,0.258
serum_creatinine,hba1c_le_75_mmol_mol_9_0pct,2018_19,0.169,0.169,0.285
serum_creatinine,hba1c_le_75_mmol_mol_9_0pct,2019_20,-0.024,0.024,0.881
serum_creatinine,hba1c_le_75_mmol_mol_9_0pct,2020_21,-0.133,0.133,0.401
serum_creatinine,hba1c_le_75_mmol_mol_9_0pct,2021_22,0.068,0.068,0.67
serum_creatinine,hba1c_le_86_mmol_mol_10_0pct,2018_19,0.181,0.181,0.25
serum_creatinine,hba1c_le_86_mmol_mol_10_0pct,2019_20,0.057,0.057,0.718
serum_creatinine,hba1c_le_86_mmol_mol_10_0pct,2020_21,-0.02,0.02,0.899
serum_creatinine,hba1c_le_86_mmol_mol_10_0pct,2021_22,0.184,0.184,0.243
serum_creatinine,blood_pressure_le_140_80,2018_19,0.214,0.214,0.175
serum_creatinine,blood_pressure_le_140_80,2019_20,-0.135,0.135,0.393
serum_creatinine,blood_pressure_le_140_80,2020_21,-0.363,0.363,0.018
serum_creatinine,blood_pressure_le_140_80,2021_22,-0.047,0.047,0.766
serum_creatinine,primary_prevention_on_statins_without_cvd_history,2018_19,-0.026,0.026,0.869
serum_creatinine,primary_prevention_on_statins_without_cvd_history,2019_20,-0.079,0.079,0.618
serum_creatinine,primary_prevention_on_statins_without_cvd_history,2020_21,-0.082,0.082,0.605
serum_creatinine,primary_prevention_on_statins_without_cvd_history,2021_22,-0.09,0.09,0.573
serum_creatinine,secondary_prevention_on_statins_with_cvd_history,2018_19,-0.367,0.367,0.017
serum_creatinine,secondary_prevention_on_statins_with_cvd_history,2019_20,-0.462,0.462,0.002
serum_creatinine,secondary_prevention_on_statins_with_cvd_history,2020_21,-0.357,0.357,0.02
serum_creatinine,secondary_prevention_on_statins_with_cvd_history,2021_22,-0.389,0.389,0.011
serum_creatinine,combined_prevention_on_statins,2018_19,-0.021,0.021,0.893
serum_creatinine,combined_prevention_on_statins,2019_20,-0.067,0.067,0.673
serum_creatinine,combined_prevention_on_statins,2020_21,-0.117,0.117,0.459
serum_creatinine,combined_prevention_on_statins,2021_22,-0.073,0.073,0.644
serum_creatinine,all_three_treatment_targets,2018_19,0.061,0.061,0.7
serum_creatinine,all_three_treatment_targets,2019_20,-0.306,0.306,0.049
serum_creatinine,all_three_treatment_targets,2020_21,-0.454,0.454,0.003
serum_creatinine,all_three_treatment_targets,2021_22,-0.247,0.247,0.115
urine_albumin,foot_surveillance,2018_19,0.035,0.035,0.828
urine_albumin,foot_surveillance,2019_20,0.34,0.34,0.028
urine_albumin,foot_surveillance,2020_21,0.653,0.653,0.0
urine_albumin,foot_surveillance,2021_22,0.55,0.55,0.0
urine_albumin,bmi,2018_19,-0.033,0.033,0.835
urine_albumin,bmi,2019_20,0.498,0.498,0.001
urine_albumin,bmi,2020_21,0.714,0.714,0.0
urine_albumin,bmi,2021_22,0.656,0.656,0.0
urine_albumin,smoking,2018_19,0.332,0.332,0.032
urine_albumin,smoking,2019_20,0.421,0.421,0.006
urine_albumin,smoking,2020_21,0.483,0.483,0.001
urine_albumin,smoking,2021_22,0.345,0.345,0.025
urine_albumin,all_eight_care_processes,2018_19,0.965,0.965,0.0
urine_albumin,all_eight_care_processes,2019_20,0.784,0.784,0.0
urine_albumin,all_eight_care_processes,2020_21,0.884,0.884,0.0
urine_albumin,all_eight_care_processes,2021_22,0.865,0.865,0.0
urine_albumin,hba1c_le_48_mmol_mol_6_5pct,2018_19,0.173,0.173,0.272
urine_albumin,hba1c_le_48_mmol_mol_6_5pct,2019_20,-0.268,0.268,0.086
urine_albumin,hba1c_le_48_mmol_mol_6_5pct,2020_21,-0.257,0.257,0.1
urine_albumin,hba1c_le_48_mmol_mol_6_5pct,2021_22,-0.004,0.004,0.982
urine_albumin,hba1c_le_53_mmol_mol_7_0pct,2018_19,0.189,0.189,0.231
urine_albumin,hba1c_le_53_mmol_mol_7_0pct,2019_20,-0.216,0.216,0.169
urine_albumin,hba1c_le_53_mmol_mol_7_0pct,2020_21,-0.182,0.182,0.248
urine_albumin,hba1c_le_53_mmol_mol_7_0pct,2021_22,0.031,0.031,0.845
urine_albumin,hba1c_le_58_mmol_mol_7_5pct,2018_19,0.188,0.188,0.234
urine_albumin,hba1c_le_58_mmol_mol_7_5pct,2019_20,-0.207,0.207,0.188
urine_albumin,hba1c_le_58_mmol_mol_7_5pct,2020_21,-0.167,0.167,0.29
urine_albumin,hba1c_le_58_mmol_mol_7_5pct,2021_22,0.032,0.032,0.839
urine_albumin,hba1c_le_75_mmol_mol_9_0pct,2018_19,-0.012,0.012,0.941
urine_albumin,hba1c_le_75_mmol_mol_9_0pct,2019_20,-0.228,0.228,0.146
urine_albumin,hba1c_le_75_mmol_mol_9_0pct,2020_21,-0.136,0.136,0.391
urine_albumin,hba1c_le_75_mmol_mol_9_0pct,2021_22,0.094,0.094,0.552
urine_albumin,hba1c_le_86_mmol_mol_10_0pct,2018_19,-0.156,0.156,0.322
urine_albumin,hba1c_le_86_mmol_mol_10_0pct,2019_20,-0.276,0.276,0.077
urine_albumin,hba1c_le_86_mmol_mol_10_0pct,2020_21,-0.179,0.179,0.258
urine_albumin,hba1c_le_86_mmol_mol_10_0pct,2021_22,0.14,0.14,0.378
urine_albumin,blood_pressure_le_140_80,2018_19,0.314,0.314,0.043
urine_albumin,blood_pressure_le_140_80,2019_20,0.119,0.119,0.452
urine_albumin,blood_pressure_le_140_80,2020_21,-0.253,0.253,0.106
urine_albumin,blood_pressure_le_140_80,2021_22,-0.114,0.114,0.473
urine_albumin,primary_prevention_on_statins_without_cvd_history,2018_19,0.074,0.074,0.641
urine_albumin,primary_prevention_on_statins_without_cvd_history,2019_20,0.143,0.143,0.368
urine_albumin,primary_prevention_on_statins_without_cvd_history,2020_21,0.063,0.063,0.693
urine_albumin,primary_prevention_on_statins_without_cvd_history,2021_22,-0.076,0.076,0.631
urine_albumin,secondary_prevention_on_statins_with_cvd_history,2018_19,0.214,0.214,0.173
urine_albumin,secondary_prevention_on_statins_with_cvd_history,2019_20,0.128,0.128,0.42
urine_albumin,secondary_prevention_on_statins_with_cvd_history,2020_21,0.06,0.06,0.708
urine_albumin,secondary_prevention_on_statins_with_cvd_history,2021_22,-0.124,0.124,0.435
urine_albumin,combined_prevention_on_statins,2018_19,0.099,0.099,0.533
urine_albumin,combined_prevention_on_statins,2019_20,0.104,0.104,0.512
urine_albumin,combined_prevention_on_statins,2020_21,0.009,0.009,0.957
urine_albumin,combined_prevention_on_statins,2021_22,-0.137,0.137,0.388
urine_albumin,all_three_treatment_targets,2018_19,0.345,0.345,0.025
urine_albumin,all_three_treatment_targets,2019_20,-0.008,0.008,0.962
urine_albumin,all_three_treatment_targets,2020_21,-0.208,0.208,0.185
urine_albumin,all_three_treatment_targets,2021_22,-0.145,0.145,0.358
foot_surveillance,bmi,2018_19,0.424,0.424,0.005
foot_surveillance,bmi,2019_20,0.538,0.538,0.0
foot_surveillance,bmi,2020_21,0.68,0.68,0.0
foot_surveillance,bmi,2021_22,0.688,0.688,0.0
foot_surveillance,smoking,2018_19,0.66,0.66,0.0
foot_surveillance,smoking,2019_20,0.684,0.684,0.0
foot_surveillance,smoking,2020_21,0.686,0.686,0.0
foot_surveillance,smoking,2021_22,0.659,0.659,0.0
foot_surveillance,all_eight_care_processes,2018_19,0.128,0.128,0.418
foot_surveillance,all_eight_care_processes,2019_20,0.406,0.406,0.008
foot_surveillance,all_eight_care_processes,2020_21,0.853,0.853,0.0
foot_surveillance,all_eight_care_processes,2021_22,0.744,0.744,0.0
foot_surveillance,hba1c_le_48_mmol_mol_6_5pct,2018_19,0.098,0.098,0.537
foot_surveillance,hba1c_le_48_mmol_mol_6_5pct,2019_20,-0.019,0.019,0.905
foot_surveillance,hba1c_le_48_mmol_mol_6_5pct,2020_21,-0.135,0.135,0.393
foot_surveillance,hba1c_le_48_mmol_mol_6_5pct,2021_22,0.154,0.154,0.331
foot_surveillance,hba1c_le_53_mmol_mol_7_0pct,2018_19,0.086,0.086,0.586
foot_surveillance,hba1c_le_53_mmol_mol_7_0pct,2019_20,-0.038,0.038,0.809
foot_surveillance,hba1c_le_53_mmol_mol_7_0pct,2020_21,-0.12,0.12,0.451
foot_surveillance,hba1c_le_53_mmol_mol_7_0pct,2021_22,0.147,0.147,0.352
foot_surveillance,hba1c_le_58_mmol_mol_7_5pct,2018_19,0.171,0.171,0.279
foot_surveillance,hba1c_le_58_mmol_mol_7_5pct,2019_20,0.056,0.056,0.723
foot_surveillance,hba1c_le_58_mmol_mol_7_5pct,2020_21,-0.094,0.094,0.553
foot_surveillance,hba1c_le_58_mmol_mol_7_5pct,2021_22,0.209,0.209,0.184
foot_surveillance,hba1c_le_75_mmol_mol_9_0pct,2018_19,0.179,0.179,0.257
foot_surveillance,hba1c_le_75_mmol_mol_9_0pct,2019_20,0.155,0.155,0.327
foot_surveillance,hba1c_le_75_mmol_mol_9_0pct,2020_21,0.015,0.015,0.924
foot_surveillance,hba1c_le_75_mmol_mol_9_0pct,2021_22,0.314,0.314,0.043
foot_surveillance,hba1c_le_86_mmol_mol_10_0pct,2018_19,0.105,0.105,0.508
foot_surveillance,hba1c_le_86_mmol_mol_10_0pct,2019_20,0.114,0.114,0.472
foot_surveillance,hba1c_le_86_mmol_mol_10_0pct,2020_21,0.032,0.032,0.84
foot_surveillance,hba1c_le_86_mmol_mol_10_0pct,2021_22,0.348,0.348,0.024
foot_surveillance,blood_pressure_le_140_80,2018_19,0.374,0.374,0.015
foot_surveillance,blood_pressure_le_140_80,2019_20,0.237,0.237,0.131
foot_surveillance,blood_pressure_le_140_80,2020_21,-0.062,0.062,0.695
foot_surveillance,blood_pressure_le_140_80,2021_22,0.175,0.175,0.267
foot_surveillance,primary_prevention_on_statins_without_cvd_history,2018_19,0.38,0.38,0.013
foot_surveillance,primary_prevention_on_statins_without_cvd_history,2019_20,0.401,0.401,0.009
foot_surveillance,primary_prevention_on_statins_without_cvd_history,2020_21,0.198,0.198,0.208
foot_surveillance,primary_prevention_on_statins_without_cvd_history,2021_22,0.145,0.145,0.36
foot_surveillance,secondary_prevention_on_statins_with_cvd_history,2018_19,0.445,0.445,0.003
foot_surveillance,secondary_prevention_on_statins_with_cvd_history,2019_20,0.385,0.385,0.012
foot_surveillance,secondary_prevention_on_statins_with_cvd_history,2020_21,0.242,0.242,0.122
foot_surveillance,secondary_prevention_on_statins_with_cvd_history,2021_22,0.135,0.135,0.394
foot_surveillance,combined_prevention_on_statins,2018_19,0.385,0.385,0.012
foot_surveillance,combined_prevention_on_statins,2019_20,0.397,0.397,0.009
foot_surveillance,combined_prevention_on_statins,2020_21,0.165,0.165,0.296
foot_surveillance,combined_prevention_on_statins,2021_22,0.143,0.143,0.366
foot_surveillance,all_three_treatment_targets,2018_19,0.372,0.372,0.015
foot_surveillance,all_three_treatment_targets,2019_20,0.195,0.195,0.215
foot_surveillance,all_three_treatment_targets,2020_21,-0.03,0.03,0.851
foot_surveillance,all_three_treatment_targets,2021_22,0.182,0.182,0.248
bmi,smoking,2018_19,0.503,0.503,0.001
bmi,smoking,2019_20,0.535,0.535,0.0
bmi,smoking,2020_21,0.453,0.453,0.003
bmi,smoking,2021_22,0.573,0.573,0.0
bmi,all_eight_care_processes,2018_19,0.081,0.081,0.608
bmi,all_eight_care_processes,2019_20,0.617,0.617,0.0
bmi,all_eight_care_processes,2020_21,0.742,0.742,0.0
bmi,all_eight_care_processes,2021_22,0.735,0.735,0.0
bmi,hba1c_le_48_mmol_mol_6_5pct,2018_19,-0.136,0.136,0.39
bmi,hba1c_le_48_mmol_mol_6_5pct,2019_20,-0.279,0.279,0.073
bmi,hba1c_le_48_mmol_mol_6_5pct,2020_21,-0.456,0.456,0.002
bmi,hba1c_le_48_mmol_mol_6_5pct,2021_22,-0.153,0.153,0.335
bmi,hba1c_le_53_mmol_mol_7_0pct,2018_19,-0.223,0.223,0.155
bmi,hba1c_le_53_mmol_mol_7_0pct,2019_20,-0.351,0.351,0.023
bmi,hba1c_le_53_mmol_mol_7_0pct,2020_21,-0.4,0.4,0.009
bmi,hba1c_le_53_mmol_mol_7_0pct,2021_22,-0.127,0.127,0.424
bmi,hba1c_le_58_mmol_mol_7_5pct,2018_19,-0.241,0.241,0.125
bmi,hba1c_le_58_mmol_mol_7_5pct,2019_20,-0.372,0.372,0.015
bmi,hba1c_le_58_mmol_mol_7_5pct,2020_21,-0.374,0.374,0.015
bmi,hba1c_le_58_mmol_mol_7_5pct,2021_22,-0.089,0.089,0.576
bmi,hba1c_le_75_mmol_mol_9_0pct,2018_19,-0.145,0.145,0.359
bmi,hba1c_le_75_mmol_mol_9_0pct,2019_20,-0.237,0.237,0.131
bmi,hba1c_le_75_mmol_mol_9_0pct,2020_21,-0.158,0.158,0.318
bmi,hba1c_le_75_mmol_mol_9_0pct,2021_22,0.071,0.071,0.653
bmi,hba1c_le_86_mmol_mol_10_0pct,2018_19,-0.121,0.121,0.447
bmi,hba1c_le_86_mmol_mol_10_0pct,2019_20,-0.203,0.203,0.197
bmi,hba1c_le_86_mmol_mol_10_0pct,2020_21,-0.09,0.09,0.573
bmi,hba1c_le_86_mmol_mol_10_0pct,2021_22,0.161,0.161,0.309
bmi,blood_pressure_le_140_80,2018_19,0.168,0.168,0.287
bmi,blood_pressure_le_140_80,2019_20,0.075,0.075,0.636
bmi,blood_pressure_le_140_80,2020_21,-0.296,0.296,0.057
bmi,blood_pressure_le_140_80,2021_22,0.027,0.027,0.865
bmi,primary_prevention_on_statins_without_cvd_history,2018_19,0.354,0.354,0.022
bmi,primary_prevention_on_statins_without_cvd_history,2019_20,0.245,0.245,0.118
bmi,primary_prevention_on_statins_without_cvd_history,2020_21,0.086,0.086,0.589
bmi,primary_prevention_on_statins_without_cvd_history,2021_22,0.055,0.055,0.729
bmi,secondary_prevention_on_statins_with_cvd_history,2018_19,0.049,0.049,0.759
bmi,secondary_prevention_on_statins_with_cvd_history,2019_20,-0.069,0.069,0.666
bmi,secondary_prevention_on_statins_with_cvd_history,2020_21,-0.132,0.132,0.406
bmi,secondary_prevention_on_statins_with_cvd_history,2021_22,-0.096,0.096,0.545
bmi,combined_prevention_on_statins,2018_19,0.376,0.376,0.014
bmi,combined_prevention_on_statins,2019_20,0.236,0.236,0.133
bmi,combined_prevention_on_statins,2020_21,0.045,0.045,0.778
bmi,combined_prevention_on_statins,2021_22,0.051,0.051,0.749
bmi,all_three_treatment_targets,2018_19,-0.114,0.114,0.47
bmi,all_three_treatment_targets,2019_20,-0.248,0.248,0.113
bmi,all_three_treatment_targets,2020_21,-0.396,0.396,0.009
bmi,all_three_treatment_targets,2021_22,-0.098,0.098,0.536
smoking,all_eight_care_processes,2018_19,0.41,0.41,0.007
smoking,all_eight_care_processes,2019_20,0.538,0.538,0.0
smoking,all_eight_care_processes,2020_21,0.579,0.579,0.0
smoking,all_eight_care_processes,2021_22,0.504,0.504,0.001
smoking,hba1c_le_48_mmol_mol_6_5pct,2018_19,0.004,0.004,0.98
smoking,hba1c_le_48_mmol_mol_6_5pct,2019_20,-0.015,0.015,0.927
smoking,hba1c_le_48_mmol_mol_6_5pct,2020_21,0.04,0.04,0.8
smoking,hba1c_le_48_mmol_mol_6_5pct,2021_22,0.079,0.079,0.618
smoking,hba1c_le_53_mmol_mol_7_0pct,2018_19,0.009,0.009,0.954
smoking,hba1c_le_53_mmol_mol_7_0pct,2019_20,-0.002,0.002,0.991
smoking,hba1c_le_53_mmol_mol_7_0pct,2020_21,-0.004,0.004,0.979
smoking,hba1c_le_53_mmol_mol_7_0pct,2021_22,0.061,0.061,0.703
smoking,hba1c_le_58_mmol_mol_7_5pct,2018_19,0.053,0.053,0.741
smoking,hba1c_le_58_mmol_mol_7_5pct,2019_20,0.045,0.045,0.777
smoking,hba1c_le_58_mmol_mol_7_5pct,2020_21,-0.025,0.025,0.877
smoking,hba1c_le_58_mmol_mol_7_5pct,2021_22,0.114,0.114,0.47
smoking,hba1c_le_75_mmol_mol_9_0pct,2018_19,-0.05,0.05,0.751
smoking,hba1c_le_75_mmol_mol_9_0pct,2019_20,-0.073,0.073,0.646
smoking,hba1c_le_75_mmol_mol_9_0pct,2020_21,-0.083,0.083,0.601
smoking,hba1c_le_75_mmol_mol_9_0pct,2021_22,0.049,0.049,0.759
smoking,hba1c_le_86_mmol_mol_10_0pct,2018_19,-0.193,0.193,0.222
smoking,hba1c_le_86_mmol_mol_10_0pct,2019_20,-0.154,0.154,0.329
smoking,hba1c_le_86_mmol_mol_10_0pct,2020_21,-0.165,0.165,0.297
smoking,hba1c_le_86_mmol_mol_10_0pct,2021_22,0.036,0.036,0.819
smoking,blood_pressure_le_140_80,2018_19,0.483,0.483,0.001
smoking,blood_pressure_le_140_80,2019_20,0.381,0.381,0.013
smoking,blood_pressure_le_140_80,2020_21,0.26,0.26,0.096
smoking,blood_pressure_le_140_80,2021_22,0.43,0.43,0.005
smoking,primary_prevention_on_statins_without_cvd_history,2018_19,0.558,0.558,0.0
smoking,primary_prevention_on_statins_without_cvd_history,2019_20,0.513,0.513,0.001
smoking,primary_prevention_on_statins_without_cvd_history,2020_21,0.47,0.47,0.002
smoking,primary_prevention_on_statins_without_cvd_history,2021_22,0.326,0.326,0.035
smoking,secondary_prevention_on_statins_with_cvd_history,2018_19,0.647,0.647,0.0
smoking,secondary_prevention_on_statins_with_cvd_history,2019_20,0.619,0.619,0.0
smoking,secondary_prevention_on_statins_with_cvd_history,2020_21,0.659,0.659,0.0
smoking,secondary_prevention_on_statins_with_cvd_history,2021_22,0.561,0.561,0.0
smoking,combined_prevention_on_statins,2018_19,0.598,0.598,0.0
smoking,combined_prevention_on_statins,2019_20,0.554,0.554,0.0
smoking,combined_prevention_on_statins,2020_21,0.459,0.459,0.002
smoking,combined_prevention_on_statins,2021_22,0.38,0.38,0.013
smoking,all_three_treatment_targets,2018_19,0.34,0.34,0.027
smoking,all_three_treatment_targets,2019_20,0.26,0.26,0.096
smoking,all_three_treatment_targets,2020_21,0.223,0.223,0.156
smoking,all_three_treatment_targets,2021_22,0.368,0.368,0.017
all_eight_care_processes,hba1c_le_48_mmol_mol_6_5pct,2018_19,0.137,0.137,0.388
all_eight_care_processes,hba1c_le_48_mmol_mol_6_5pct,2019_20,-0.321,0.321,0.038
all_eight_care_processes,hba1c_le_48_mmol_mol_6_5pct,2020_21,-0.099,0.099,0.532
all_eight_care_processes,hba1c_le_48_mmol_mol_6_5pct,2021_22,0.141,0.141,0.374
all_eight_care_processes,hba1c_le_53_mmol_mol_7_0pct,2018_19,0.178,0.178,0.259
all_eight_care_processes,hba1c_le_53_mmol_mol_7_0pct,2019_20,-0.207,0.207,0.189
all_eight_care_processes,hba1c_le_53_mmol_mol_7_0pct,2020_21,-0.035,0.035,0.824
all_eight_care_processes,hba1c_le_53_mmol_mol_7_0pct,2021_22,0.153,0.153,0.332
all_eight_care_processes,hba1c_le_58_mmol_mol_7_5pct,2018_19,0.188,0.188,0.232
all_eight_care_processes,hba1c_le_58_mmol_mol_7_5pct,2019_20,-0.16,0.16,0.312
all_eight_care_processes,hba1c_le_58_mmol_mol_7_5pct,2020_21,-0.033,0.033,0.836
all_eight_care_processes,hba1c_le_58_mmol_mol_7_5pct,2021_22,0.139,0.139,0.378
all_eight_care_processes,hba1c_le_75_mmol_mol_9_0pct,2018_19,0.009,0.009,0.957
all_eight_care_processes,hba1c_le_75_mmol_mol_9_0pct,2019_20,-0.162,0.162,0.306
all_eight_care_processes,hba1c_le_75_mmol_mol_9_0pct,2020_21,0.013,0.013,0.933
all_eight_care_processes,hba1c_le_75_mmol_mol_9_0pct,2021_22,0.171,0.171,0.278
all_eight_care_processes,hba1c_le_86_mmol_mol_10_0pct,2018_19,-0.122,0.122,0.44
all_eight_care_processes,hba1c_le_86_mmol_mol_10_0pct,2019_20,-0.233,0.233,0.137
all_eight_care_processes,hba1c_le_86_mmol_mol_10_0pct,2020_21,-0.008,0.008,0.96
all_eight_care_processes,hba1c_le_86_mmol_mol_10_0pct,2021_22,0.197,0.197,0.211
all_eight_care_processes,blood_pressure_le_140_80,2018_19,0.349,0.349,0.024
all_eight_care_processes,blood_pressure_le_140_80,2019_20,0.094,0.094,0.554
all_eight_care_processes,blood_pressure_le_140_80,2020_21,-0.212,0.212,0.177
all_eight_care_processes,blood_pressure_le_140_80,2021_22,-0.081,0.081,0.612
all_eight_care_processes,primary_prevention_on_statins_without_cvd_history,2018_19,0.113,0.113,0.478
all_eight_care_processes,primary_prevention_on_statins_without_cvd_history,2019_20,0.145,0.145,0.358
all_eight_care_processes,primary_prevention_on_statins_without_cvd_history,2020_21,0.095,0.095,0.549
all_eight_care_processes,primary_prevention_on_statins_without_cvd_history,2021_22,0.056,0.056,0.724
all_eight_care_processes,secondary_prevention_on_statins_with_cvd_history,2018_19,0.203,0.203,0.197
all_eight_care_processes,secondary_prevention_on_statins_with_cvd_history,2019_20,0.092,0.092,0.563
all_eight_care_processes,secondary_prevention_on_statins_with_cvd_history,2020_21,0.114,0.114,0.473
all_eight_care_processes,secondary_prevention_on_statins_with_cvd_history,2021_22,0.05,0.05,0.751
all_eight_care_processes,combined_prevention_on_statins,2018_19,0.132,0.132,0.403
all_eight_care_processes,combined_prevention_on_statins,2019_20,0.143,0.143,0.367
all_eight_care_processes,combined_prevention_on_statins,2020_21,0.045,0.045,0.779
all_eight_care_processes,combined_prevention_on_statins,2021_22,0.015,0.015,0.923
all_eight_care_processes,all_three_treatment_targets,2018_19,0.344,0.344,0.026
all_eight_care_processes,all_three_treatment_targets,2019_20,0.01,0.01,0.949
all_eight_care_processes,all_three_treatment_targets,2020_21,-0.106,0.106,0.503
all_eight_care_processes,all_three_treatment_targets,2021_22,-0.028,0.028,0.86
hba1c_le_48_mmol_mol_6_5pct,hba1c_le_53_mmol_mol_7_0pct,2018_19,0.915,0.915,0.0
hba1c_le_48_mmol_mol_6_5pct,hba1c_le_53_mmol_mol_7_0pct,2019_20,0.861,0.861,0.0
hba1c_le_48_mmol_mol_6_5pct,hba1c_le_53_mmol_mol_7_0pct,2020_21,0.917,0.917,0.0
hba1c_le_48_mmol_mol_6_5pct,hba1c_le_53_mmol_mol_7_0pct,2021_22,0.963,0.963,0.0
hba1c_le_48_mmol_mol_6_5pct,hba1c_le_58_mmol_mol_7_5pct,2018_19,0.841,0.841,0.0
hba1c_le_48_mmol_mol_6_5pct,hba1c_le_58_mmol_mol_7_5pct,2019_20,0.733,0.733,0.0
hba1c_le_48_mmol_mol_6_5pct,hba1c_le_58_mmol_mol_7_5pct,2020_21,0.815,0.815,0.0
hba1c_le_48_mmol_mol_6_5pct,hba1c_le_58_mmol_mol_7_5pct,2021_22,0.899,0.899,0.0
hba1c_le_48_mmol_mol_6_5pct,hba1c_le_75_mmol_mol_9_0pct,2018_19,0.65,0.65,0.0
hba1c_le_48_mmol_mol_6_5pct,hba1c_le_75_mmol_mol_9_0pct,2019_20,0.511,0.511,0.001
hba1c_le_48_mmol_mol_6_5pct,hba1c_le_75_mmol_mol_9_0pct,2020_21,0.594,0.594,0.0
hba1c_le_48_mmol_mol_6_5pct,hba1c_le_75_mmol_mol_9_0pct,2021_22,0.722,0.722,0.0
hba1c_le_48_mmol_mol_6_5pct,hba1c_le_86_mmol_mol_10_0pct,2018_19,0.519,0.519,0.0
hba1c_le_48_mmol_mol_6_5pct,hba1c_le_86_mmol_mol_10_0pct,2019_20,0.488,0.488,0.001
hba1c_le_48_mmol_mol_6_5pct,hba1c_le_86_mmol_mol_10_0pct,2020_21,0.502,0.502,0.001
hba1c_le_48_mmol_mol_6_5pct,hba1c_le_86_mmol_mol_10_0pct,2021_22,0.636,0.636,0.0
hba1c_le_48_mmol_mol_6_5pct,blood_pressure_le_140_80,2018_19,0.343,0.343,0.026
hba1c_le_48_mmol_mol_6_5pct,blood_pressure_le_140_80,2019_20,0.362,0.362,0.018
hba1c_le_48_mmol_mol_6_5pct,blood_pressure_le_140_80,2020_21,0.417,0.417,0.006
hba1c_le_48_mmol_mol_6_5pct,blood_pressure_le_140_80,2021_22,0.333,0.333,0.031
hba1c_le_48_mmol_mol_6_5pct,primary_prevention_on_statins_without_cvd_history,2018_19,-0.167,0.167,0.29
hba1c_le_48_mmol_mol_6_5pct,primary_prevention_on_statins_without_cvd_history,2019_20,-0.036,0.036,0.821
hba1c_le_48_mmol_mol_6_5pct,primary_prevention_on_statins_without_cvd_history,2020_21,0.162,0.162,0.304
hba1c_le_48_mmol_mol_6_5pct,primary_prevention_on_statins_without_cvd_history,2021_22,0.216,0.216,0.17
hba1c_le_48_mmol_mol_6_5pct,secondary_prevention_on_statins_with_cvd_history,2018_19,0.032,0.032,0.841
hba1c_le_48_mmol_mol_6_5pct,secondary_prevention_on_statins_with_cvd_history,2019_20,0.215,0.215,0.171
hba1c_le_48_mmol_mol_6_5pct,secondary_prevention_on_statins_with_cvd_history,2020_21,0.389,0.389,0.011
hba1c_le_48_mmol_mol_6_5pct,secondary_prevention_on_statins_with_cvd_history,2021_22,0.26,0.26,0.096
hba1c_le_48_mmol_mol_6_5pct,combined_prevention_on_statins,2018_19,-0.117,0.117,0.46
hba1c_le_48_mmol_mol_6_5pct,combined_prevention_on_statins,2019_20,0.04,0.04,0.801
hba1c_le_48_mmol_mol_6_5pct,combined_prevention_on_statins,2020_21,0.195,0.195,0.216
hba1c_le_48_mmol_mol_6_5pct,combined_prevention_on_statins,2021_22,0.214,0.214,0.174
hba1c_le_48_mmol_mol_6_5pct,all_three_treatment_targets,2018_19,0.647,0.647,0.0
hba1c_le_48_mmol_mol_6_5pct,all_three_treatment_targets,2019_20,0.594,0.594,0.0
hba1c_le_48_mmol_mol_6_5pct,all_three_treatment_targets,2020_21,0.697,0.697,0.0
hba1c_le_48_mmol_mol_6_5pct,all_three_treatment_targets,2021_22,0.694,0.694,0.0
hba1c_le_53_mmol_mol_7_0pct,hba1c_le_58_mmol_mol_7_5pct,2018_19,0.97,0.97,0.0
hba1c_le_53_mmol_mol_7_0pct,hba1c_le_58_mmol_mol_7_5pct,2019_20,0.946,0.946,0.0
hba1c_le_53_mmol_mol_7_0pct,hba1c_le_58_mmol_mol_7_5pct,2020_21,0.956,0.956,0.0
hba1c_le_53_mmol_mol_7_0pct,hba1c_le_58_mmol_mol_7_5pct,2021_22,0.963,0.963,0.0
hba1c_le_53_mmol_mol_7_0pct,hba1c_le_75_mmol_mol_9_0pct,2018_19,0.784,0.784,0.0
hba1c_le_53_mmol_mol_7_0pct,hba1c_le_75_mmol_mol_9_0pct,2019_20,0.744,0.744,0.0
hba1c_le_53_mmol_mol_7_0pct,hba1c_le_75_mmol_mol_9_0pct,2020_21,0.763,0.763,0.0
hba1c_le_53_mmol_mol_7_0pct,hba1c_le_75_mmol_mol_9_0pct,2021_22,0.816,0.816,0.0
hba1c_le_53_mmol_mol_7_0pct,hba1c_le_86_mmol_mol_10_0pct,2018_19,0.64,0.64,0.0
hba1c_le_53_mmol_mol_7_0pct,hba1c_le_86_mmol_mol_10_0pct,2019_20,0.674,0.674,0.0
hba1c_le_53_mmol_mol_7_0pct,hba1c_le_86_mmol_mol_10_0pct,2020_21,0.635,0.635,0.0
hba1c_le_53_mmol_mol_7_0pct,hba1c_le_86_mmol_mol_10_0pct,2021_22,0.723,0.723,0.0
hba1c_le_53_mmol_mol_7_0pct,blood_pressure_le_140_80,2018_19,0.378,0.378,0.013
hba1c_le_53_mmol_mol_7_0pct,blood_pressure_le_140_80,2019_20,0.38,0.38,0.013
hba1c_le_53_mmol_mol_7_0pct,blood_pressure_le_140_80,2020_21,0.321,0.321,0.038
hba1c_le_53_mmol_mol_7_0pct,blood_pressure_le_140_80,2021_22,0.254,0.254,0.105
hba1c_le_53_mmol_mol_7_0pct,primary_prevention_on_statins_without_cvd_history,2018_19,-0.195,0.195,0.216
hba1c_le_53_mmol_mol_7_0pct,primary_prevention_on_statins_without_cvd_history,2019_20,-0.002,0.002,0.989
hba1c_le_53_mmol_mol_7_0pct,primary_prevention_on_statins_without_cvd_history,2020_21,0.15,0.15,0.342
hba1c_le_53_mmol_mol_7_0pct,primary_prevention_on_statins_without_cvd_history,2021_22,0.197,0.197,0.21
hba1c_le_53_mmol_mol_7_0pct,secondary_prevention_on_statins_with_cvd_history,2018_19,-0.009,0.009,0.954
hba1c_le_53_mmol_mol_7_0pct,secondary_prevention_on_statins_with_cvd_history,2019_20,0.211,0.211,0.181
hba1c_le_53_mmol_mol_7_0pct,secondary_prevention_on_statins_with_cvd_history,2020_21,0.263,0.263,0.092
hba1c_le_53_mmol_mol_7_0pct,secondary_prevention_on_statins_with_cvd_history,2021_22,0.204,0.204,0.194
hba1c_le_53_mmol_mol_7_0pct,combined_prevention_on_statins,2018_19,-0.159,0.159,0.314
hba1c_le_53_mmol_mol_7_0pct,combined_prevention_on_statins,2019_20,0.063,0.063,0.691
hba1c_le_53_mmol_mol_7_0pct,combined_prevention_on_statins,2020_21,0.161,0.161,0.309
hba1c_le_53_mmol_mol_7_0pct,combined_prevention_on_statins,2021_22,0.169,0.169,0.285
hba1c_le_53_mmol_mol_7_0pct,all_three_treatment_targets,2018_19,0.749,0.749,0.0
hba1c_le_53_mmol_mol_7_0pct,all_three_treatment_targets,2019_20,0.717,0.717,0.0
hba1c_le_53_mmol_mol_7_0pct,all_three_treatment_targets,2020_21,0.681,0.681,0.0
hba1c_le_53_mmol_mol_7_0pct,all_three_treatment_targets,2021_22,0.658,0.658,0.0
hba1c_le_58_mmol_mol_7_5pct,hba1c_le_75_mmol_mol_9_0pct,2018_19,0.83,0.83,0.0
hba1c_le_58_mmol_mol_7_5pct,hba1c_le_75_mmol_mol_9_0pct,2019_20,0.829,0.829,0.0
hba1c_le_58_mmol_mol_7_5pct,hba1c_le_75_mmol_mol_9_0pct,2020_21,0.882,0.882,0.0
hba1c_le_58_mmol_mol_7_5pct,hba1c_le_75_mmol_mol_9_0pct,2021_22,0.899,0.899,0.0
hba1c_le_58_mmol_mol_7_5pct,hba1c_le_86_mmol_mol_10_0pct,2018_19,0.682,0.682,0.0
hba1c_le_58_mmol_mol_7_5pct,hba1c_le_86_mmol_mol_10_0pct,2019_20,0.73,0.73,0.0
hba1c_le_58_mmol_mol_7_5pct,hba1c_le_86_mmol_mol_10_0pct,2020_21,0.755,0.755,0.0
hba1c_le_58_mmol_mol_7_5pct,hba1c_le_86_mmol_mol_10_0pct,2021_22,0.805,0.805,0.0
hba1c_le_58_mmol_mol_7_5pct,blood_pressure_le_140_80,2018_19,0.435,0.435,0.004
hba1c_le_58_mmol_mol_7_5pct,blood_pressure_le_140_80,2019_20,0.449,0.449,0.003
hba1c_le_58_mmol_mol_7_5pct,blood_pressure_le_140_80,2020_21,0.272,0.272,0.082
hba1c_le_58_mmol_mol_7_5pct,blood_pressure_le_140_80,2021_22,0.273,0.273,0.081
hba1c_le_58_mmol_mol_7_5pct,primary_prevention_on_statins_without_cvd_history,2018_19,-0.165,0.165,0.298
hba1c_le_58_mmol_mol_7_5pct,primary_prevention_on_statins_without_cvd_history,2019_20,0.029,0.029,0.854
hba1c_le_58_mmol_mol_7_5pct,primary_prevention_on_statins_without_cvd_history,2020_21,0.134,0.134,0.399
hba1c_le_58_mmol_mol_7_5pct,primary_prevention_on_statins_without_cvd_history,2021_22,0.219,0.219,0.163
hba1c_le_58_mmol_mol_7_5pct,secondary_prevention_on_statins_with_cvd_history,2018_19,0.015,0.015,0.926
hba1c_le_58_mmol_mol_7_5pct,secondary_prevention_on_statins_with_cvd_history,2019_20,0.259,0.259,0.097
hba1c_le_58_mmol_mol_7_5pct,secondary_prevention_on_statins_with_cvd_history,2020_21,0.197,0.197,0.211
hba1c_le_58_mmol_mol_7_5pct,secondary_prevention_on_statins_with_cvd_history,2021_22,0.216,0.216,0.169
hba1c_le_58_mmol_mol_7_5pct,combined_prevention_on_statins,2018_19,-0.14,0.14,0.376
hba1c_le_58_mmol_mol_7_5pct,combined_prevention_on_statins,2019_20,0.092,0.092,0.562
hba1c_le_58_mmol_mol_7_5pct,combined_prevention_on_statins,2020_21,0.121,0.121,0.444
hba1c_le_58_mmol_mol_7_5pct,combined_prevention_on_statins,2021_22,0.182,0.182,0.25
hba1c_le_58_mmol_mol_7_5pct,all_three_treatment_targets,2018_19,0.798,0.798,0.0
hba1c_le_58_mmol_mol_7_5pct,all_three_treatment_targets,2019_20,0.786,0.786,0.0
hba1c_le_58_mmol_mol_7_5pct,all_three_treatment_targets,2020_21,0.674,0.674,0.0
hba1c_le_58_mmol_mol_7_5pct,all_three_treatment_targets,2021_22,0.682,0.682,0.0
hba1c_le_75_mmol_mol_9_0pct,hba1c_le_86_mmol_mol_10_0pct,2018_19,0.946,0.946,0.0
hba1c_le_75_mmol_mol_9_0pct,hba1c_le_86_mmol_mol_10_0pct,2019_20,0.965,0.965,0.0
hba1c_le_75_mmol_mol_9_0pct,hba1c_le_86_mmol_mol_10_0pct,2020_21,0.954,0.954,0.0
hba1c_le_75_mmol_mol_9_0pct,hba1c_le_86_mmol_mol_10_0pct,2021_22,0.966,0.966,0.0
hba1c_le_75_mmol_mol_9_0pct,blood_pressure_le_140_80,2018_19,0.26,0.26,0.096
hba1c_le_75_mmol_mol_9_0pct,blood_pressure_le_140_80,2019_20,0.226,0.226,0.151
hba1c_le_75_mmol_mol_9_0pct,blood_pressure_le_140_80,2020_21,0.179,0.179,0.255
hba1c_le_75_mmol_mol_9_0pct,blood_pressure_le_140_80,2021_22,0.145,0.145,0.359
hba1c_le_75_mmol_mol_9_0pct,primary_prevention_on_statins_without_cvd_history,2018_19,-0.228,0.228,0.147
hba1c_le_75_mmol_mol_9_0pct,primary_prevention_on_statins_without_cvd_history,2019_20,-0.034,0.034,0.833
hba1c_le_75_mmol_mol_9_0pct,primary_prevention_on_statins_without_cvd_history,2020_21,0.126,0.126,0.427
hba1c_le_75_mmol_mol_9_0pct,primary_prevention_on_statins_without_cvd_history,2021_22,0.165,0.165,0.295
hba1c_le_75_mmol_mol_9_0pct,secondary_prevention_on_statins_with_cvd_history,2018_19,-0.181,0.181,0.252
hba1c_le_75_mmol_mol_9_0pct,secondary_prevention_on_statins_with_cvd_history,2019_20,-0.009,0.009,0.953
hba1c_le_75_mmol_mol_9_0pct,secondary_prevention_on_statins_with_cvd_history,2020_21,-0.006,0.006,0.97
hba1c_le_75_mmol_mol_9_0pct,secondary_prevention_on_statins_with_cvd_history,2021_22,-0.002,0.002,0.99
hba1c_le_75_mmol_mol_9_0pct,combined_prevention_on_statins,2018_19,-0.209,0.209,0.185
hba1c_le_75_mmol_mol_9_0pct,combined_prevention_on_statins,2019_20,-0.002,0.002,0.992
hba1c_le_75_mmol_mol_9_0pct,combined_prevention_on_statins,2020_21,0.093,0.093,0.558
hba1c_le_75_mmol_mol_9_0pct,combined_prevention_on_statins,2021_22,0.113,0.113,0.478
hba1c_le_75_mmol_mol_9_0pct,all_three_treatment_targets,2018_19,0.582,0.582,0.0
hba1c_le_75_mmol_mol_9_0pct,all_three_treatment_targets,2019_20,0.56,0.56,0.0
hba1c_le_75_mmol_mol_9_0pct,all_three_treatment_targets,2020_21,0.561,0.561,0.0
hba1c_le_75_mmol_mol_9_0pct,all_three_treatment_targets,2021_22,0.522,0.522,0.0
hba1c_le_86_mmol_mol_10_0pct,blood_pressure_le_140_80,2018_19,0.186,0.186,0.237
hba1c_le_86_mmol_mol_10_0pct,blood_pressure_le_140_80,2019_20,0.146,0.146,0.355
hba1c_le_86_mmol_mol_10_0pct,blood_pressure_le_140_80,2020_21,0.123,0.123,0.437
hba1c_le_86_mmol_mol_10_0pct,blood_pressure_le_140_80,2021_22,0.142,0.142,0.37
hba1c_le_86_mmol_mol_10_0pct,primary_prevention_on_statins_without_cvd_history,2018_19,-0.287,0.287,0.065
hba1c_le_86_mmol_mol_10_0pct,primary_prevention_on_statins_without_cvd_history,2019_20,-0.062,0.062,0.695
hba1c_le_86_mmol_mol_10_0pct,primary_prevention_on_statins_without_cvd_history,2020_21,0.089,0.089,0.575
hba1c_le_86_mmol_mol_10_0pct,primary_prevention_on_statins_without_cvd_history,2021_22,0.096,0.096,0.544
hba1c_le_86_mmol_mol_10_0pct,secondary_prevention_on_statins_with_cvd_history,2018_19,-0.349,0.349,0.024
hba1c_le_86_mmol_mol_10_0pct,secondary_prevention_on_statins_with_cvd_history,2019_20,-0.123,0.123,0.436
hba1c_le_86_mmol_mol_10_0pct,secondary_prevention_on_statins_with_cvd_history,2020_21,-0.111,0.111,0.486
hba1c_le_86_mmol_mol_10_0pct,secondary_prevention_on_statins_with_cvd_history,2021_22,-0.129,0.129,0.416
hba1c_le_86_mmol_mol_10_0pct,combined_prevention_on_statins,2018_19,-0.284,0.284,0.068
hba1c_le_86_mmol_mol_10_0pct,combined_prevention_on_statins,2019_20,-0.038,0.038,0.81
hba1c_le_86_mmol_mol_10_0pct,combined_prevention_on_statins,2020_21,0.054,0.054,0.736
hba1c_le_86_mmol_mol_10_0pct,combined_prevention_on_statins,2021_22,0.034,0.034,0.83
hba1c_le_86_mmol_mol_10_0pct,all_three_treatment_targets,2018_19,0.423,0.423,0.005
hba1c_le_86_mmol_mol_10_0pct,all_three_treatment_targets,2019_20,0.46,0.46,0.002
hba1c_le_86_mmol_mol_10_0pct,all_three_treatment_targets,2020_21,0.468,0.468,0.002
hba1c_le_86_mmol_mol_10_0pct,all_three_treatment_targets,2021_22,0.449,0.449,0.003
blood_pressure_le_140_80,primary_prevention_on_statins_without_cvd_history,2018_19,0.261,0.261,0.095
blood_pressure_le_140_80,primary_prevention_on_statins_without_cvd_history,2019_20,0.216,0.216,0.169
blood_pressure_le_140_80,primary_prevention_on_statins_without_cvd_history,2020_21,0.478,0.478,0.001
blood_pressure_le_140_80,primary_prevention_on_statins_without_cvd_history,2021_22,0.485,0.485,0.001
blood_pressure_le_140_80,secondary_prevention_on_statins_with_cvd_history,2018_19,0.317,0.317,0.041
blood_pressure_le_140_80,secondary_prevention_on_statins_with_cvd_history,2019_20,0.238,0.238,0.129
blood_pressure_le_140_80,secondary_prevention_on_statins_with_cvd_history,2020_21,0.448,0.448,0.003
blood_pressure_le_140_80,secondary_prevention_on_statins_with_cvd_history,2021_22,0.342,0.342,0.027
blood_pressure_le_140_80,combined_prevention_on_statins,2018_19,0.291,0.291,0.062
blood_pressure_le_140_80,combined_prevention_on_statins,2019_20,0.246,0.246,0.116
blood_pressure_le_140_80,combined_prevention_on_statins,2020_21,0.526,0.526,0.0
blood_pressure_le_140_80,combined_prevention_on_statins,2021_22,0.495,0.495,0.001
blood_pressure_le_140_80,all_three_treatment_targets,2018_19,0.765,0.765,0.0
blood_pressure_le_140_80,all_three_treatment_targets,2019_20,0.76,0.76,0.0
blood_pressure_le_140_80,all_three_treatment_targets,2020_21,0.803,0.803,0.0
blood_pressure_le_140_80,all_three_treatment_targets,2021_22,0.836,0.836,0.0
primary_prevention_on_statins_without_cvd_history,secondary_prevention_on_statins_with_cvd_history,2018_19,0.686,0.686,0.0
primary_prevention_on_statins_without_cvd_history,secondary_prevention_on_statins_with_cvd_history,2019_20,0.687,0.687,0.0
primary_prevention_on_statins_without_cvd_history,secondary_prevention_on_statins_with_cvd_history,2020_21,0.669,0.669,0.0
primary_prevention_on_statins_without_cvd_history,secondary_prevention_on_statins_with_cvd_history,2021_22,0.653,0.653,0.0
primary_prevention_on_statins_without_cvd_history,combined_prevention_on_statins,2018_19,0.982,0.982,0.0
primary_prevention_on_statins_without_cvd_history,combined_prevention_on_statins,2019_20,0.97,0.97,0.0
primary_prevention_on_statins_without_cvd_history,combined_prevention_on_statins,2020_21,0.977,0.977,0.0
primary_prevention_on_statins_without_cvd_history,combined_prevention_on_statins,2021_22,0.967,0.967,0.0
primary_prevention_on_statins_without_cvd_history,all_three_treatment_targets,2018_19,0.137,0.137,0.386
primary_prevention_on_statins_without_cvd_history,all_three_treatment_targets,2019_20,0.214,0.214,0.173
primary_prevention_on_statins_without_cvd_history,all_three_treatment_targets,2020_21,0.44,0.44,0.004
primary_prevention_on_statins_without_cvd_history,all_three_treatment_targets,2021_22,0.61,0.61,0.0
secondary_prevention_on_statins_with_cvd_history,combined_prevention_on_statins,2018_19,0.727,0.727,0.0
secondary_prevention_on_statins_with_cvd_history,combined_prevention_on_statins,2019_20,0.746,0.746,0.0
secondary_prevention_on_statins_with_cvd_history,combined_prevention_on_statins,2020_21,0.702,0.702,0.0
secondary_prevention_on_statins_with_cvd_history,combined_prevention_on_statins,2021_22,0.707,0.707,0.0
secondary_prevention_on_statins_with_cvd_history,all_three_treatment_targets,2018_19,0.348,0.348,0.024
secondary_prevention_on_statins_with_cvd_history,all_three_treatment_targets,2019_20,0.385,0.385,0.012
secondary_prevention_on_statins_with_cvd_history,all_three_treatment_targets,2020_21,0.491,0.491,0.001
secondary_prevention_on_statins_with_cvd_history,all_three_treatment_targets,2021_22,0.522,0.522,0.0
combined_prevention_on_statins,all_three_treatment_targets,2018_19,0.151,0.151,0.34
combined_prevention_on_statins,all_three_treatment_targets,2019_20,0.233,0.233,0.138
combined_prevention_on_statins,all_three_treatment_targets,2020_21,0.465,0.465,0.002
combined_prevention_on_statins,all_three_treatment_targets,2021_22,0.605,0.605,0.0
