target_year,icb_code,icb_name,actual_ckd_rate,ridge_prediction,shap_base_value,lagged_ckd_rate_value,lagged_ckd_rate_shap,urine_albumin_value,urine_albumin_shap,serum_creatinine_value,serum_creatinine_shap,hba1c_le_58_mmol_mol_7_5pct_value,hba1c_le_58_mmol_mol_7_5pct_shap,blood_pressure_le_140_80_value,blood_pressure_le_140_80_shap,combined_prevention_on_statins_value,combined_prevention_on_statins_shap,largest_absolute_shap_feature,largest_absolute_shap_value
2023,QE1,NHS Lancashire and South Cumbria ICB,136.6,130.1258,143.6792,131.8,-15.4021,59.3675,-0.3114,89.3915,1.3099,62.9892,0.6245,70.4125,0.391,75.8738,-0.1652,lagged_ckd_rate,-15.4021
2023,QF7,NHS South Yorkshire ICB,141.5,134.004,143.6792,138.4,-9.6469,57.7375,-0.662,92.498,-0.8486,62.0238,0.9231,68.3208,1.3814,80.1717,-0.8222,lagged_ckd_rate,-9.6469
2023,QGH,NHS Herefordshire and Worcestershire ICB,168.1,157.8571,143.6792,164.7,13.2866,57.7463,-0.6601,92.0414,-0.5313,64.997,0.0033,67.3828,1.8255,73.1319,0.2539,lagged_ckd_rate,13.2866
2023,QH8,NHS Mid and South Essex ICB,150.4,146.7657,143.6792,151.3,1.6019,56.4946,-0.9294,89.9501,0.9218,65.8261,-0.2532,66.9291,2.0403,76.7217,-0.2948,blood_pressure_le_140_80,2.0403
2023,QHG,"NHS Bedfordshire, Luton and Milton Keynes ICB",134.8,135.1471,143.6792,133.0,-14.3557,58.2517,-0.5514,91.5012,-0.156,60.7381,1.3209,60.1599,5.2452,75.0221,-0.035,lagged_ckd_rate,-14.3557
2023,QHL,NHS Birmingham and Solihull ICB,114.5,113.153,143.6792,110.7,-33.8013,61.5509,0.1582,89.559,1.1935,65.0241,-0.0051,65.782,2.5834,79.077,-0.6549,lagged_ckd_rate,-33.8013
2023,QHM,NHS North East and North Cumbria ICB,159.4,150.9984,143.6792,157.3,6.8339,61.888,0.2308,92.6442,-0.9502,62.2037,0.8675,69.5053,0.8205,77.954,-0.4832,lagged_ckd_rate,6.8339
2023,QJ2,NHS Derby and Derbyshire ICB,159.2,154.8817,143.6792,158.3,7.7059,65.9154,1.0971,92.8361,-1.0835,60.1742,1.4954,66.9535,2.0287,75.0611,-0.041,lagged_ckd_rate,7.7059
2023,QJG,NHS Suffolk and North East Essex ICB,178.0,162.7089,143.6792,170.4,18.257,73.0436,2.6303,94.1041,-1.9646,65.5006,-0.1525,69.9243,0.6222,77.1661,-0.3628,lagged_ckd_rate,18.257
2023,QJK,NHS Devon ICB,176.2,171.9679,143.6792,178.4,25.233,64.3125,0.7523,92.2089,-0.6477,64.8086,0.0616,64.541,3.1709,76.6337,-0.2814,lagged_ckd_rate,25.233
2023,QJM,NHS Lincolnshire ICB,179.4,157.4858,143.6792,167.3,15.5538,59.1669,-0.3545,94.5522,-2.2759,62.3406,0.8251,70.7849,0.2147,75.8174,-0.1566,lagged_ckd_rate,15.5538
2023,QK1,"NHS Leicester, Leicestershire and Rutland ICB",153.0,131.0685,143.6792,132.9,-14.4429,62.2784,0.3147,91.9571,-0.4727,64.3922,0.1904,66.9571,2.027,76.2793,-0.2272,lagged_ckd_rate,-14.4429
2023,QKK,NHS South East London ICB,116.9,121.7334,143.6792,117.5,-27.8717,62.3476,0.3296,88.5757,1.8767,62.6775,0.7209,65.5332,2.7011,72.8465,0.2976,lagged_ckd_rate,-27.8717
2023,QKS,NHS Kent and Medway ICB,150.6,137.5633,143.6792,135.4,-12.2629,57.6249,-0.6862,87.9099,2.3394,63.0209,0.6147,62.9568,3.921,75.066,-0.0417,lagged_ckd_rate,-12.2629
2023,QM7,NHS Hertfordshire and West Essex ICB,150.0,143.4966,143.6792,146.5,-2.5837,60.3326,-0.1038,91.5008,-0.1557,64.7037,0.0941,65.1704,2.8729,76.7965,-0.3063,blood_pressure_le_140_80,2.8729
2023,QMF,NHS North East London ICB,106.1,104.6459,143.6792,101.2,-42.0853,62.4797,0.358,87.797,2.4178,60.3061,1.4546,71.9926,-0.3571,80.1659,-0.8213,lagged_ckd_rate,-42.0853
2023,QMJ,NHS North Central London ICB,116.7,118.6168,143.6792,119.5,-26.1277,57.4552,-0.7227,89.0937,1.5168,65.5921,-0.1808,69.4799,0.8326,77.2825,-0.3805,lagged_ckd_rate,-26.1277
2023,QMM,NHS Norfolk and Waveney ICB,158.4,147.144,143.6792,149.3,-0.1421,65.4584,0.9988,92.6797,-0.9748,60.2481,1.4725,66.7806,2.1106,74.7932,-0.0,blood_pressure_le_140_80,2.1106
2023,QNC,NHS Staffordshire and Stoke-On-Trent ICB,144.5,134.4198,143.6792,137.2,-10.6933,48.971,-2.5477,89.3736,1.3223,61.8864,0.9657,66.9015,2.0533,77.1458,-0.3596,lagged_ckd_rate,-10.6933
2023,QNQ,NHS Frimley ICB,127.3,125.5791,143.6792,123.3,-22.8141,67.7326,1.4879,90.6345,0.4462,64.4706,0.1662,65.0287,2.94,76.9275,-0.3263,lagged_ckd_rate,-22.8141
2023,QNX,NHS Sussex ICB,160.0,151.0198,143.6792,152.1,2.2995,64.6165,0.8176,91.0722,0.1421,64.1313,0.2711,63.2253,3.7938,74.6853,0.0165,blood_pressure_le_140_80,3.7938
2023,QOC,"NHS Shropshire, Telford and Wrekin ICB",180.4,168.8263,143.6792,173.7,21.1346,53.6459,-1.5421,90.1569,0.7781,60.2456,1.4733,63.62,3.607,76.7798,-0.3037,lagged_ckd_rate,21.1346
2023,QOP,NHS Greater Manchester ICB,130.9,121.1791,143.6792,122.7,-23.3373,54.0795,-1.4488,89.4814,1.2475,63.3255,0.5204,68.7159,1.1943,79.2158,-0.6761,lagged_ckd_rate,-23.3373
2023,QOQ,NHS Humber and North Yorkshire ICB,169.1,160.0455,143.6792,165.8,14.2458,64.1839,0.7246,91.7905,-0.357,64.028,0.3031,68.159,1.458,74.8462,-0.0081,lagged_ckd_rate,14.2458
2023,QOX,"NHS Bath and North East Somerset, Swindon and Wiltshire ICB",160.6,150.0221,143.6792,151.7,1.9507,65.5563,1.0198,92.2542,-0.6792,63.8567,0.3561,63.1921,3.8095,75.5385,-0.1139,blood_pressure_le_140_80,3.8095
2023,QPM,NHS Northamptonshire ICB,138.3,129.2551,143.6792,129.7,-17.2333,55.9722,-1.0417,91.3005,-0.0165,61.4737,1.0933,65.1437,2.8856,75.5218,-0.1114,lagged_ckd_rate,-17.2333
2023,QR1,NHS Gloucestershire ICB,152.5,155.1976,143.6792,153.4,3.4331,67.3975,1.4159,90.205,0.7446,60.3117,1.4528,62.7063,4.0395,71.9635,0.4325,blood_pressure_le_140_80,4.0395
2023,QRL,NHS Hampshire and Isle Of Wight ICB,152.9,141.857,143.6792,141.5,-6.9437,62.5039,0.3632,89.165,1.4673,63.0436,0.6076,65.5669,2.6852,74.8042,-0.0017,lagged_ckd_rate,-6.9437
2023,QRV,NHS North West London ICB,101.2,103.9973,143.6792,101.1,-42.1725,66.1052,1.1379,89.7552,1.0572,67.1276,-0.6559,68.18,1.448,78.0422,-0.4967,lagged_ckd_rate,-42.1725
2023,QSL,NHS Somerset ICB,162.9,146.6139,143.6792,148.4,-0.9269,63.3792,0.5515,92.8032,-1.0607,59.5383,1.6921,65.3111,2.8063,75.6278,-0.1276,blood_pressure_le_140_80,2.8063
2023,QT1,NHS Nottingham and Nottinghamshire ICB,144.4,139.5815,143.6792,140.3,-7.9901,58.9326,-0.4049,92.2266,-0.66,60.3592,1.4381,63.7843,3.5292,74.8574,-0.0098,lagged_ckd_rate,-7.9901
2023,QT6,NHS Cornwall and The Isles Of Scilly ICB,164.7,161.3703,143.6792,166.2,14.5946,55.0489,-1.2403,92.3793,-0.7661,58.8497,1.9051,64.9508,2.9769,73.3475,0.221,lagged_ckd_rate,14.5946
2023,QU9,"NHS Buckinghamshire, Oxfordshire and Berkshire West ICB",141.4,137.4665,143.6792,134.7,-12.8733,70.0682,1.9903,90.2419,0.719,61.9936,0.9325,64.4405,3.2185,76.0988,-0.1996,lagged_ckd_rate,-12.8733
2023,QUA,NHS Black Country ICB,138.8,135.1429,143.6792,135.7,-12.0013,54.6835,-1.3189,88.593,1.8647,62.7707,0.6921,65.6786,2.6323,77.4437,-0.4052,lagged_ckd_rate,-12.0013
2023,QUE,NHS Cambridgeshire and Peterborough ICB,148.8,138.945,143.6792,141.1,-7.2925,61.6937,0.189,94.0009,-1.8929,63.6364,0.4243,63.1273,3.8402,74.8077,-0.0022,lagged_ckd_rate,-7.2925
2023,QUY,"NHS Bristol, North Somerset and South Gloucestershire ICB",152.9,151.043,143.6792,148.6,-0.7525,62.4437,0.3503,89.0516,1.5461,60.0963,1.5195,61.3435,4.6848,74.6899,0.0158,blood_pressure_le_140_80,4.6848
2023,QVV,NHS Dorset ICB,177.3,164.0103,143.6792,168.8,16.8618,58.4422,-0.5104,92.0344,-0.5264,61.8241,0.9849,63.3922,3.7148,76.0595,-0.1936,lagged_ckd_rate,16.8618
2023,QWE,NHS South West London ICB,118.1,117.3871,143.6792,114.6,-30.4005,63.0209,0.4745,89.4976,1.2362,63.0807,0.5962,67.4632,1.7874,74.6995,0.0143,lagged_ckd_rate,-30.4005
2023,QWO,NHS West Yorkshire ICB,138.4,136.8007,143.6792,137.3,-10.6061,69.5399,1.8767,91.8892,-0.4256,61.5451,1.0712,67.5418,1.7501,78.3576,-0.5449,lagged_ckd_rate,-10.6061
2023,QWU,NHS Coventry and Warwickshire ICB,130.8,139.0474,143.6792,145.8,-3.1941,42.385,-3.9643,88.8175,1.7088,65.1758,-0.052,69.1874,0.9711,75.4545,-0.1011,urine_albumin,-3.9643
2023,QXU,NHS Surrey Heartlands ICB,141.8,137.6446,143.6792,137.1,-10.7805,64.4362,0.7789,90.0282,0.8675,66.9469,-0.5999,64.11,3.375,72.6693,0.3246,lagged_ckd_rate,-10.7805
2023,QYG,NHS Cheshire and Merseyside ICB,149.2,140.1282,143.6792,144.9,-3.9789,50.2902,-2.2639,89.2836,1.3849,64.2591,0.2316,68.5847,1.2564,75.9772,-0.181,lagged_ckd_rate,-3.9789
